gene,variant_aa,variant_nt,freq_bloodadv_in_NPC_EastAsia,freq_bloodadv_in_NPC_Africa,freq_aou,total_aou,freq_ukb,total_ukb,MAF_aou,MAF_ukb
BALF4,T444A,T157535C,4,4,206,452,206,565,0.455752212,0.36460177
BcRF1,Q569R,A126882G,4,4,132,580,161,451,0.227586207,0.356984479
BcRF1,R548Q,G126819A,4,4,117,588,177,444,0.198979592,0.398648649
BFLF1,L250Q,A45489T,4,4,176,562,227,446,0.31316726,0.50896861
BFRF2,G40E,G47638A,4,4,210,539,256,496,0.38961039,0.516129032
BFRF2,Q34P,A47620C,4,4,199,536,238,465,0.371268657,0.511827957
BFRF2,V130F,G47907T,4,4,174,505,214,468,0.344554455,0.457264957
BLLF2,H8R,T77703C,4,4,216,463,314,556,0.466522678,0.564748201
BRLF1,S542N,C91271T,4,4,198,506,198,422,0.391304348,0.469194313
BRRF2,D463A,A95401C,4,4,256,501,303,433,0.510978044,0.699769053
BRRF2,E395G,G95196C,4,4,70,492,13,438,0.142276423,0.029680365
BRRF2,K392Q,A95187C,4,4,301,500,319,455,0.602,0.701098901
BXLF2,V197I,C130159T,4,4,107,493,172,446,0.21703854,0.385650224
BALF2,I613V,T162476C,4,NA,19,573,8,461,0.033158813,0.017353579
BALF2,V317M,C163364T,4,NA,0,600,1,556,0,0.001798561
BALF3,G317R,C159960G,4,NA,192,522,218,589,0.367816092,0.370118846
BALF3,T23A,T160842C,4,NA,219,541,280,555,0.404805915,0.504504505
BBLF1,A42V,G108562A,4,NA,10,490,82,465,0.020408163,0.176344086
BDLF3,A209T,C118154T,4,NA,101,501,153,398,0.201596806,0.384422111
BDLF3,I73L,T118562G,4,NA,118,535,184,458,0.220560748,0.401746725
BDLF3,T136A,T118373C,4,NA,78,422,154,420,0.184834123,0.366666667
BLLF3,S253G,T75430C,4,NA,232,508,247,542,0.456692913,0.455719557
BSLF1,A245T,C73861T,4,NA,114,599,246,601,0.190317195,0.409317804
BSLF1,A3T,C74587T,4,NA,184,513,295,499,0.358674464,0.591182365
BSLF1,A511P,C73063G,4,NA,202,582,244,524,0.347079038,0.465648855
BSLF1,H77R,T74364C,4,NA,104,570,128,485,0.18245614,0.263917526
BSLF1,M290V,T73726C,4,NA,233,543,312,616,0.429097606,0.506493506
BXRF1,Y87S,A132830C,4,NA,83,538,171,468,0.154275093,0.365384615
EBER2,AAACTdelA,NA,2,NA,NA,NA,NA,NA,NA,NA
RPMS1,D51N,G155391A,3,NA,4,577,1,513,0.006932409,0.001949318
BGLF5,S438N,C108741T,1,NA,139,417,30,422,0.333333333,0.071090047
BNRF1,P694H,C3816A,1,NA,0,509,1,500,0,0.002